,message,label
0,"I'm gonna be home soon and i don't want to talk about this stuff anymore tonight, k? I've cried enough today.",0
1,Oh k...i'm watching here:),0
2,Is that seriously how you spell his name?,0
3,Ffffffffff. Alright no way I can meet up with you sooner?,0
4,"Wait that's still not all that clear, were you not sure about me being sarcastic or that that's why x doesn't want to live with us",0
5,K tell me anything about you.,0
6,Yup... Ok i go home look at the timings then i msg Ì_ again... Xuhui going to learn on 2nd may too but her lesson is at 8am,0
7,"Oops, I'll let you know when my roommate's done",0
8,07732584351 - Rodger Burns - MSG = We tried to call you re your reply to our sms for a free nokia mobile + free camcorder. Please call now 08000930705 for delivery tomorrow,1
9,"Congrats! 1 year special cinema pass for 2 is yours. call 09061209465 now! C Suprman V, Matrix3, StarWars3, etc all 4 FREE! bx420-ip4-5we. 150pm. Dont miss out! ",1
10,"Sorry my roommates took forever, it ok if I come by now?",0
11,"Urgent UR awarded a complimentary trip to EuroDisinc Trav, Aco&Entry41 Or å£1000. To claim txt DIS to 87121 18+6*å£1.50(moreFrmMob. ShrAcomOrSglSuplt)10, LS1 3AJ",1
12,Wah lucky man... Then can save money... Hee...,0
13,U can call me now...,0
14,Ok i am on the way to home hi hi,0
15,You will be in the place of that man,0
16,For real when u getting on yo? I only need 2 more tickets and one more jacket and I'm done. I already used all my multis.,0
17,I'm really not up to it still tonight babe,0
18,"Hi. Wk been ok - on hols now! Yes on for a bit of a run. Forgot that i have hairdressers appointment at four so need to get home n shower beforehand. Does that cause prob for u?\""ham""",0
19,As per your request 'Melle Melle (Oru Minnaminunginte Nurungu Vettam)' has been set as your callertune for all Callers. Press *9 to copy your friends Callertune,0
20,"wow. You're right! I didn't mean to do that. I guess once i gave up on boston men and changed my search location to nyc, something changed. Cuz on my signin page it still says boston.",0
21,I know! Grumpy old people. My mom was like you better not be lying. Then again I am always the one to play jokes...,0
22,Dont worry. I guess he's busy.,0
23,You are a winner U have been specially selected 2 receive å£1000 or a 4* holiday (flights inc) speak to a live operator 2 claim 0871277810910p/min (18+) ,1
24,Goodo! Yes we must speak friday - egg-potato ratio for tortilla needed! ,0
25,I am going to sao mu today. Will be done only at 12 ,0
26,ÌÏ predict wat time Ì_'ll finish buying?,0
27,HEY GIRL. HOW R U? HOPE U R WELL ME AN DEL R BAK! AGAIN LONG TIME NO C! GIVE ME A CALL SUM TIME FROM LUCYxx,0
28,I'm home.,0
29,Sunshine Quiz Wkly Q! Win a top Sony DVD player if u know which country the Algarve is in? Txt ansr to 82277. å£1.50 SP:Tyrone,1
30,Got c... I lazy to type... I forgot Ì_ in lect... I saw a pouch but like not v nice...,0
31,Yes see ya not on the dot,0
32,K..i deleted my contact that why?,0
33,Sindu got job in birla soft ..,0
34,The wine is flowing and i'm i have nevering..,0
35,As per your request 'Melle Melle (Oru Minnaminunginte Nurungu Vettam)' has been set as your callertune for all Callers. Press *9 to copy your friends Callertune,0
36,Aaooooright are you at work?,0
37,Customer service annoncement. You have a New Years delivery waiting for you. Please call 07046744435 now to arrange delivery,1
38,"Sir, I need AXIS BANK account no and bank address.",0
39,Text her. If she doesnt reply let me know so i can have her log in,0
40,ok. I am a gentleman and will treat you with dignity and respect.,0
41,Going on nothing great.bye,0
42,Hello handsome ! Are you finding that job ? Not being lazy ? Working towards getting back that net for mummy ? Where's my boytoy now ? Does he miss me ?,0
43,"Haha awesome, be there in a minute",0
44,Are you unique enough? Find out from 30th August. www.areyouunique.co.uk,1
45,Hi its Kate how is your evening? I hope i can see you tomorrow for a bit but i have to bloody babyjontet! Txt back if u can. :) xxx,0
46,U call me alter at 11 ok.,0
47,Both :) i shoot big loads so get ready!,0
48,"Sorry, I'll call later",0
49,Would really appreciate if you call me. Just need someone to talk to.,0
50,Hey company elama po mudyadhu.,0
51,Tomarrow final hearing on my laptop case so i cant.,0
52,Too late. I said i have the website. I didn't i have or dont have the slippers,0
53,We tried to contact you re your reply to our offer of a Video Handset? 750 anytime networks mins? UNLIMITED TEXT? Camcorder? Reply or call 08000930705 NOW,1
54,Ur ringtone service has changed! 25 Free credits! Go to club4mobiles.com to choose content now! Stop? txt CLUB STOP to 87070. 150p/wk Club4 PO Box1146 MK45 2WT,1
55,Thanx...,0
56,Just sent it. So what type of food do you like?,0
57,"Yeah I think my usual guy's still passed out from last night, if you get ahold of anybody let me know and I'll throw down",0
58,"My life Means a lot to me, Not because I love my life, But because I love the people in my life, The world calls them friends, I call them my World:-).. Ge:-)..",0
59,Hey you told your name to gautham ah?,0
60,"TheMob> Check out our newest selection of content, Games, Tones, Gossip, babes and sport, Keep your mobile fit and funky text WAP to 82468",1
61,"Merry Christmas to you too babe, i love ya *kisses*",0
62,Maybe i could get book out tomo then return it immediately ..? Or something.,0
63,Cool. So how come you havent been wined and dined before?,0
64,Ok that's great thanx a lot.,0
65,Am not interested to do like that.,0
66,Just checking in on you. Really do miss seeing Jeremiah. Do have a great month,0
67,Yo you guys ever figure out how much we need for alcohol? Jay and I are trying to figure out how much we can safely spend on weed,0
68,"I'm an actor. When i work, i work in the evening and sleep late. Since i'm unemployed at the moment, i ALWAYS sleep late. When you're unemployed, every day is saturday.",0
69,Check audrey's status right now,0
70,Busy here. Trying to finish for new year. I am looking forward to finally meeting you...,0
71,"Double mins and txts 4 6months FREE Bluetooth on Orange. Available on Sony, Nokia Motorola phones. Call MobileUpd8 on 08000839402 or call2optout/N9DX",1
72,Customer place i will call you.,0
73,Hey so this sat are we going for the intro pilates only? Or the kickboxing too? ,0
74,From here after The performance award is calculated every two month.not for current one month period..,0
75,Was actually sleeping and still might when u call back. So a text is gr8. You rock sis. Will send u a text wen i wake.,0
76,"You are always putting your business out there. You put pictures of your ass on facebook. You are one of the most open people i've ever met. Why would i think a picture of your room would hurt you, make you feel violated.",0
77,Hmmm...k...but i want to change the field quickly da:-)i wanna get system administrator or network administrator..,0
78,Hello! Good week? Fancy a drink or something later?,0
79,Yes:)from last week itself i'm taking live call.,0
80,Send this to ur friends and receive something about ur voice..... How is my speaking expression? 1.childish 2.naughty 3.Sentiment 4.rowdy 5.ful of attitude 6.romantic 7.shy 8.Attractive 9.funny  &lt;#&gt; .irritating  &lt;#&gt; .lovable. reply me..,0
81,At home watching tv lor.,0
82,Booked ticket for pongal?,0
83,Yes..he is really great..bhaji told kallis best cricketer after sachin in world:).very tough to get out.,0
84,hanks lotsly!,0
85,"Loan for any purpose å£500 - å£75,000. Homeowners + Tenants welcome. Have you been previously refused? We can still help. Call Free 0800 1956669 or text back 'help'",1
86,When are you going to ride your bike?,0
87,"Yup, no need. I'll jus wait 4 e rain 2 stop.",0
88,okmail: Dear Dave this is your final notice to collect your 4* Tenerife Holiday or #5000 CASH award! Call 09061743806 from landline. TCs SAE Box326 CW25WX 150ppm,1
89,Love you aathi..love u lot..,0
90,Watching tv lor...,0
91,"Depends on quality. If you want the type i sent boye, faded glory, then about 6. If you want ralphs maybe 2",0
92,When can Ì_ come out?,0
93,+123 Congratulations - in this week's competition draw u have won the å£1450 prize to claim just call 09050002311 b4280703. T&Cs/stop SMS 08718727868. Over 18 only 150ppm,1
94,You should know now. So how's anthony. Are you bringing money. I've school fees to pay and rent and stuff like that. Thats why i need your help. A friend in need....|,0
95,Lol ok your forgiven :),0
96,No..jst change tat only..,0
97,"You are guaranteed the latest Nokia Phone, a 40GB iPod MP3 player or a å£500 prize! Txt word: COLLECT to No: 83355! IBHltd LdnW15H 150p/Mtmsgrcvd18+",1
98,S:)no competition for him.,0
99,Boltblue tones for 150p Reply POLY# or MONO# eg POLY3 1. Cha Cha Slide 2. Yeah 3. Slow Jamz 6. Toxic 8. Come With Me or STOP 4 more tones txt MORE,1
100,Were gonna go get some tacos,0
101,"Probably gonna be here for a while, see you later tonight &lt;)",0
102,"A famous quote : when you develop the ability to listen to 'anything' unconditionally without losing your temper or self confidence, it means you are ......... 'MARRIED'",0
103,This girl does not stay in bed. This girl doesn't need recovery time. Id rather pass out while having fun then be cooped up in bed,0
104,Then any special there?,0
105,Wait  &lt;#&gt;  min..,0
106,O. Well uv causes mutations. Sunscreen is like essential thesedays,0
107,Hi msg me:)i'm in office..,0
108,Geeeee ... I love you so much I can barely stand it,0
109,Can you open the door?,0
110,"Arngd marriage is while u r walkin unfortuntly a snake bites u. bt love marriage is dancing in frnt of d snake &amp; sayin Bite me, bite me.",0
111,"I dun thk i'll quit yet... Hmmm, can go jazz ? Yogasana oso can... We can go meet em after our lessons den... ",0
112,Ya srsly better than yi tho,0
113,"For ur chance to win a å£250 wkly shopping spree TXT: SHOP to 80878. T's&C's www.txt-2-shop.com custcare 08715705022, 1x150p/wk",1
114,You have been specially selected to receive a 2000 pound award! Call 08712402050 BEFORE the lines close. Cost 10ppm. 16+. T&Cs apply. AG Promo,1
115,PRIVATE! Your 2003 Account Statement for 07753741225 shows 800 un-redeemed S. I. M. points. Call 08715203677 Identifier Code: 42478 Expires 24/10/04,1
116,I am great! How are you?,0
117,I'm going out to buy mum's present ar.,0
118,If u sending her home first it's ok lor. I'm not ready yet.,0
119,Be happy there. I will come after noon,0
120,I have many dependents,0
121,New TEXTBUDDY Chat 2 horny guys in ur area 4 just 25p Free 2 receive Search postcode or at gaytextbuddy.com. TXT ONE name to 89693,1
122,"Sweetheart, hope you are not having that kind of day! Have one with loads of reasons to smile. Biola",0
123,I had askd u a question some hours before. Its answer,0
124,Do you mind if I ask what happened? You dont have to say if it is uncomfortable.,0
125,PRIVATE! Your 2003 Account Statement for shows 800 un-redeemed S. I. M. points. Call 08715203694 Identifier Code: 40533 Expires 31/10/04,1
126,Sorry me going home first... Daddy come fetch Ì_ later...,0
127,Get ur 1st RINGTONE FREE NOW! Reply to this msg with TONE. Gr8 TOP 20 tones to your phone every week just å£1.50 per wk 2 opt out send STOP 08452810071 16,1
128,"I've got  &lt;#&gt; , any way I could pick up?",0
129,Was the farm open?,0
130,"My sister in law, hope you are having a great month. Just saying hey. Abiola",0
131,K..u also dont msg or reply to his msg..,0
132,When i have stuff to sell i.ll tell you,0
133,Then why no one talking to me,0
134,Wish i were with you now!,0
135,Yes i will be there. Glad you made it.,0
136,Do well :)all will for little time. Thing of good times ahead:,0
137,You have an important customer service announcement from PREMIER.,1
138,"Faith makes things possible,Hope makes things work,Love makes things beautiful,May you have all three this Christmas!Merry Christmas!",0
139,"I'm nt goin, got somethin on, unless they meetin 4 dinner lor... Haha, i wonder who will go tis time...",0
140,I cant pick the phone right now. Pls send a message,0
141,Just sleeping..and surfing,0
142,"She was supposed to be but couldn't make it, she's still in town though",0
143,This is hoping you enjoyed your game yesterday. Sorry i've not been in touch but pls know that you are fondly bein thot off. Have a great week. Abiola,0
144,"\Gimme a few\"" was  &lt;#&gt;  minutes ago""",0
145,Congratulations ur awarded either å£500 of CD gift vouchers & Free entry 2 our å£100 weekly draw txt MUSIC to 87066 TnCs www.Ldew.com1win150ppmx3age16,1
146,Where's my boytoy? I miss you ... What happened?,0
147,"He has lots of used ones babe, but the model doesn't help. Youi have to bring it over and he'll match it up",0
148,Also are you bringing galileo or dobby,0
149,Hahaha..use your brain dear,0
150,Good Morning my Dear........... Have a great &amp; successful day.,0
151,I luv u soo much u donåÕt understand how special u r 2 me ring u 2morrow luv u xxx,0
152,My stomach has been thru so much trauma I swear I just can't eat. I better lose weight.,0
153,Talk sexy!! Make new friends or fall in love in the worlds most discreet text dating service. Just text VIP to 83110 and see who you could meet.,1
154,Your brother is a genius,0
155,Did u find out what time the bus is at coz i need to sort some stuff out.,0
156,Wife.how she knew the time of murder exactly,0
157,I am great princess! What are you thinking about me? :),0
158,Probably money worries. Things are coming due and i have several outstanding invoices for work i did two and three months ago.,0
159,Lovely smell on this bus and it ain't tobacco... ,0
160,I am sorry it hurt you.,0
161,When u wana see it then,0
162,It shall be fine. I have avalarr now. Will hollalater,0
163,Actually i deleted my old website..now i m blogging at magicalsongs.blogspot.com,0
164,K:)i will give my kvb acc details:),0
165,money!!! you r a lucky winner ! 2 claim your prize text money 2 88600 over å£1million to give away ! ppt150x3+normal text rate box403 w1t1jy,1
166,Congratulations ore mo owo re wa. Enjoy it and i wish you many happy moments to and fro wherever you go,0
167,"I sent my scores to sophas and i had to do secondary application for a few schools. I think if you are thinking of applying, do a research on cost also. Contact joke ogunrinde, her school is one me the less expensive ones",0
168,I cant wait to see you! How were the photos were useful? :),0
169,Shb b ok lor... Thanx...,0
170,Sorry i now then c ur msg... Yar lor so poor thing... But only 4 one night... Tmr u'll have a brand new room 2 sleep in...,0
171,Welp apparently he retired,0
172,URGENT! We are trying to contact U. Todays draw shows that you have won a å£800 prize GUARANTEED. Call 09050001808 from land line. Claim M95. Valid12hrs only,1
173,"Watching cartoon, listening music &amp; at eve had to go temple &amp; church.. What about u?",0
174,Hey no I ad a crap nite was borin without ya 2 boggy with me u boring biatch! Thanx but u wait til nxt time il ave ya ,0
175,Ok i shall talk to him,0
176,LOOK AT THE FUCKIN TIME. WHAT THE FUCK YOU THINK IS UP,0
177,"I can't, I don't have her number!",0
178,Change again... It's e one next to escalator...,0
179,No..but heard abt tat..,0
180,Give me a sec to think think about it,0
181,"Poyyarikatur,kolathupalayam,unjalur post,erode dis, &lt;#&gt; .",0
182,Lol I would but my mom would have a fit and tell the whole family how crazy and terrible I am,0
183,"Dear,regret i cudnt pick call.drove down frm ctla now at cochin home.left mobile in car..ente style ishtamayoo?happy bakrid!",0
184,Can not use foreign stamps in this country. Good lecture .,0
185,"No my blankets are sufficient, thx",0
186,"naughty little thought: 'its better to flirt, flirt n flirt, rather than loving someone n gettin hurt, hurt n hurt...:-) Gud nyt",0
187,I'm in class. Will holla later,0
188,Easy ah?sen got selected means its good..,0
189,"Come round, it's . ",0
190,"1000's flirting NOW! Txt GIRL or BLOKE & ur NAME & AGE, eg GIRL ZOE 18 to 8007 to join and get chatting!",1
191,Are you available for soiree on June 3rd?,0
192,HIYA COMIN 2 BRISTOL 1 ST WEEK IN APRIL. LES GOT OFF + RUDI ON NEW YRS EVE BUT I WAS SNORING.THEY WERE DRUNK! U BAK AT COLLEGE YET? MY WORK SENDS INK 2 BATH.,0
193,EASTENDERS TV Quiz. What FLOWER does DOT compare herself to? D= VIOLET E= TULIP F= LILY txt D E or F to 84025 NOW 4 chance 2 WIN å£100 Cash WKENT/150P16+,1
194,Once free call me sir. I am waiting for you.,0
195,Dear U've been invited to XCHAT. This is our final attempt to contact u! Txt CHAT to 86688,1
196,Aight ill get on fb in a couple minutes,0
197,Send to someone else :-),0
198,"FR'NDSHIP is like a needle of a clock. Though V r in d same clock, V r nt able 2 met. Evn if V meet,itz only 4few seconds. Bt V alwys stay conected. Gud 9t;-)",0
199,I don't think he has spatula hands!,0
200,Black shirt n blue jeans... I thk i c Ì_...,0
201,S s..first time..dhoni rocks...,0
202,Ok ill tell the company,0
203,"Bored of speed dating? Try SPEEDCHAT, txt SPEEDCHAT to 80155, if you don't like em txt SWAP and get a new chatter! Chat80155 POBox36504W45WQ 150p/msg rcd 16",1
204,Not tonight mate. Catching up on some sleep. This is my new number by the way. ,0
205,"Sorry, I'll call later",0
206,Dont forget you can place as many FREE Requests with 1stchoice.co.uk as you wish. For more Information call 08707808226.,1
207,LOL ... No just was busy,0
208,Not a drop in the tank,0
209,(That said can you text him one more time?),0
210,Ok i go change also...,0
211,Hey! There's veggie pizza... :/,0
212,Yun buying... But school got offer 2000 plus only...,0
213,K. I will sent it again,0
214,Ok . . now i am in bus. . If i come soon i will come otherwise tomorrow,0
215,"Got what it takes 2 take part in the WRC Rally in Oz? U can with Lucozade Energy! Text RALLY LE to 61200 (25p), see packs or lucozade.co.uk/wrc & itcould be u!",1
216,All will come alive.better correct any good looking figure there itself..,0
217,We're done...,0
218,I was up all night too worrying about this appt. It's a shame we missed a girls night out with quizzes popcorn and you doing my hair.,0
219,What he said is not the matter. My mind saying some other matter is there.,0
220,NEFT Transaction with reference number  &lt;#&gt;  for Rs. &lt;DECIMAL&gt;  has been credited to the beneficiary account on  &lt;#&gt;  at  &lt;TIME&gt; : &lt;#&gt;,0
221,I know she called me,0
222,"Yeah, probably but not sure. Ilol let u know, but personally I wuldnt bother, then again if ur goin to then I mite as well!!",0
223,"that would be good Û_ I'll phone you tomo lunchtime, shall I, to organise something?",0
224,You have 1 new voicemail. Please call 08719181513.,1
225,Rofl betta invest in some  anti aging products,0
226,I want to send something that can sell fast.  &lt;#&gt; k is not easy money.,0
227,How much are we getting?,0
228,Is ur paper in e morn or aft tmr?,0
229,Oh yes I can speak txt 2 u no! Hmm. Did u get  email?,0
230,Horrible gal. Me in sch doing some stuff. How come u got mc?,0
231,"I call you later, don't have network. If urgnt, sms me.",0
232,Honey boo I'm missing u.,0
233,"Yo, I'm at my parents' gettin cash. Good news: we picked up a downstem",0
234,I will see in half an hour,0
235,\Hey sorry I didntgive ya a a bellearlier hunny,0
236,"Tee hee. Off to lecture, cheery bye bye.",0
237,Can do lor...,0
238,Can i meet Ì_ at 5.. As 4 where depends on where Ì_ wan 2 in lor..,0
239,Waiting 4 my tv show 2 start lor... U leh still busy doing ur report?,0
240,But if she.s drinkin i'm ok.,0
241,Happy new year to u too!,0
242,Your daily text from me ÛÒ a favour this time,0
243,I tot u reach liao. He said t-shirt.,0
244,"Get 3 Lions England tone, reply lionm 4 mono or lionp 4 poly. 4 more go 2 www.ringtones.co.uk, the original n best. Tones 3GBP network operator rates apply",1
245,"Whenevr ur sad, Whenevr ur gray, Remembr im here 2 listn 2 watevr u wanna say, Jus walk wid me a little while,&amp; I promise I'll bring back ur smile.:-)",0
246,Correct. So how was work today,0
247,"I wake up long ago already... Dunno, what other thing?",0
248,"Sorry, was in the bathroom, sup",0
249,"Sometimes we put walls around our hearts,not just to be safe from getting hurt.. But to find out who cares enough to break the walls &amp; get closer.. GOODNOON:)",0
250,"Sweet, we may or may not go to 4U to meet carlos so gauge patty's interest in that",0
251,Yeah I'll try to scrounge something up,0
252,"Goodnight, sleep well da please take care pa. Please.",0
253,Baaaaabe! I misss youuuuu ! Where are you ? I have to go and teach my class at 5 ...,0
254,"Good afternoon loverboy ! How goes you day ? Any luck come your way? I think of you, sweetie and send my love across the sea to make you smile and happy",0
255,"&lt;#&gt; %of pple marry with their lovers... becz they hav gud undrstndng dat avoids problems. i sent dis 2 u, u wil get gud news on friday by d person you like. And tomorrow will be the best day of your life. Dont break this chain. If you break you will suffer. send this to  &lt;#&gt;  frnds in &lt;#&gt;  mins whn u read...",0
256,Shuhui say change 2 suntec steamboat? U noe where? Where r u now?,0
257,"I don't know, same thing that's wrong everyso often, he panicks starts goin on bout not bein good enough Û_",0
258,"We spend our days waiting for the ideal path to appear in front of us.. But what we forget is.. \paths are made by walking.. not by waiting..\"" Goodnight!""",0
259,"Storming msg: Wen u lift d phne, u say \HELLO\"" Do u knw wt is d real meaning of HELLO?? . . . It's d name of a girl..! . . . Yes.. And u knw who is dat girl?? \""Margaret Hello\"" She is d girlfrnd f Grahmbell who invnted telphone... . . . . Moral:One can 4get d name of a person",0
260,Oh ok..,0
261,R we still meeting 4 dinner tonight?,0
262,"URGENT, IMPORTANT INFORMATION FOR O2 USER. TODAY IS YOUR LUCKY DAY! 2 FIND OUT WHY LOG ONTO HTTP://WWW.URAWINNER.COM THERE IS A FANTASTIC SURPRISE AWAITING FOR YOU",1
263,"Tell you what, if you make a little spreadsheet and track whose idea it was to smoke to determine who \smokes too much\"" for the entire month of february",0
264,Thanks for ve lovely wisheds. You rock,0
265,You intrepid duo you! Have a great time and see you both soon. ,0
266,"Arms fine, how's Cardiff and uni? ",0
267,Msg me when rajini comes.,0
268,Ya! when are Ì_ taking ure practical lessons? I start in june..  ,0
269,U sleeping now.. Or you going to take? Haha.. I got spys wat.. Me online checking n replying mails lor..,0
270,"Yalru lyfu astne chikku.. Bt innu mundhe lyf ali halla ke bilo (marriage)program edhae, so lyf is nt yet ovr chikku..ali vargu lyfu meow meow:-D",0
271,Ok good then i later come find Ì_... C lucky i told Ì_ to go earlier... Later pple take finish Ì_ no more again...,0
272,Ok...,0
273,"Cant believe i said so many things to you this morning when all i really wanted to say was good morning, i love you! Have a beautiful morning. See you in the library later.",0
274,How are you with moneY...as in to you...money aint a thing....how are you sha!,0
275,I'm always on yahoo messenger now. Just send the message to me and i.ll get it you may have to send it in the mobile mode sha but i.ll get it. And will reply.,0
276,"Time n Smile r the two crucial things in our life. Sometimes time makes us to forget smile, and sometimes someone's smile makes us to forget time gud noon",0
277,"SMS. ac JSco: Energy is high, but u may not know where 2channel it. 2day ur leadership skills r strong. Psychic? Reply ANS w/question. End? Reply END JSCO",1
278,Don no da:)whats you plan?,0
279,Total video converter free download type this in google search:),0
280,When u love someone Dont make them to love u as much as u do. But Love them so much that they dont want to be loved by anyone except you... Gud nit.,0
281,Are you angry with me. What happen dear,0
282,Yup ok thanx...,0
283,"Wow ... I love you sooo much, you know ? I can barely stand it ! I wonder how your day goes and if you are well, my love ... I think of you and miss you",0
284,Oh dang! I didn't mean o send that to you! Lol!,0
285,Remember on that day..,0
286,K come to nordstrom when you're done,0
287,Bishan lar nearer... No need buy so early cos if buy now i gotta park my car...,0
288,"Just got some gas money, any chance you and the gang want to go on a grand nature adventure?",0
289,Get ready to put on your excellent sub face :),0
290,Tmrw. Im finishing 9 doors,0
291,I am late. I will be there at,0
292,Ur cash-balance is currently 500 pounds - to maximize ur cash-in now send GO to 86688 only 150p/msg. CC 08718720201 HG/Suite342/2Lands Row/W1J6HL,1
293,"Sounds gd... Haha... Can... Wah, u yan jiu so fast liao...",0
294,"Why is that, princess? I bet the brothas are all chasing you!",0
295,"I shall book chez jules for half eight, if that's ok with you?",0
296,"It's cool, let me know before it kicks off around  &lt;#&gt; , I'll be out and about all day",0
297,At 4. Let's go to bill millers,0
298,PRIVATE! Your 2003 Account Statement for shows 800 un-redeemed S. I. M. points. Call 08719899230 Identifier Code: 41685 Expires 07/11/04,1
299,As a Registered Subscriber yr draw 4 a å£100 gift voucher will b entered on receipt of a correct ans. When are the next olympics. Txt ans to 80062,1
300,Have you heard about that job? I'm going to that wildlife talk again tonight if u want2come. Its that2worzels and a wizzle or whatever it is?! ,0
301,I'll probably be around mu a lot,0
302,645,0
303,RT-KIng Pro Video Club>> Need help? info@ringtoneking.co.uk or call 08701237397 You must be 16+ Club credits redeemable at www.ringtoneking.co.uk! Enjoy!,1
304,Thnx dude. u guys out 2nite?,0
305,Did u download the fring app?,0
306,"Living is very simple.. Loving is also simple.. Laughing is too simple.. Winning is tooo simple.. But, being 'SIMPLE' is very difficult.. Gud nte.:-",0
307,Hi Dear Call me its urgnt. I don't know whats your problem. You don't want to work or if you have any other problem at least tell me. Wating for your reply.,0
308,"Eerie Nokia tones 4u, rply TONE TITLE to 8007 eg TONE DRACULA to 8007 Titles: GHOST, ADDAMSFA, MUNSTERS, EXORCIST, TWILIGHT www.getzed.co.uk POBox36504W45WQ 150p",1
309,"You have come into my life and brought the sun ..Shiny down on me, warming my heart. Putting a constant smile on my face ... Making me feel loved and cared for",0
310,Sleeping nt feeling well,0
311,U WILL SWITCH YOUR FONE ON DAMMIT!!,0
312,Thts wat Wright Brother did to fly..,0
313,If u laugh really loud.. If u talk spontaneously.. If u dont care what others feel.. U are probably with your dear &amp; best friends.. GOODEVENING Dear..:),0
314,"Yes..but they said its IT.,",0
315,Painful words- \I thought being Happy was the most toughest thing on Earth... But,0
316,"So many people seems to be special at first sight, But only very few will remain special to you till your last sight.. Maintain them till life ends.. Sh!jas",0
317,Do you want bold 2 or bb torch,0
318,Nan sonathaya soladha. Why boss?,0
319,Sunshine Quiz Wkly Q! Win a top Sony DVD player if u know which country the Algarve is in? Txt ansr to 82277. å£1.50 SP:Tyrone,1
320,Weightloss! No more girl friends. Make loads of money on ebay or something. And give thanks to God.,0
321,Was gr8 to see that message. So when r u leaving? Congrats dear. What school and wat r ur plans.,0
322,I got your back! Do you have any dislikes in bed?,0
323,Hard LIVE 121 chat just 60p/min. Choose your girl and connect LIVE. Call 09094646899 now! Cheap Chat UK's biggest live service. VU BCM1896WC1N3XX,1
324,"Sorry about earlier. Putting out fires.Are you around to talk after 9? Or do you actually have a life, lol!",0
325,"\ALRITE HUNNY!WOT U UP 2 2NITE? DIDNT END UP GOIN DOWN TOWN JUS DA PUB INSTEAD! JUS CHILLIN AT DA MO IN ME BEDROOM!LOVE JEN XXX.\""""",0
326,Lol. Well quality aint bad at all so i aint complaining,0
327,K go and sleep well. Take rest:-).,0
328,Hi 07734396839 IBH Customer Loyalty Offer: The NEW NOKIA6600 Mobile from ONLY å£10 at TXTAUCTION!Txt word:START to No:81151 & get Yours Now!4T&,1
329,"K, want us to come by now?",0
330,"I'm not coming over, do whatever you want",0
331,"Do you know why god created gap between your fingers..? So that, One who is made for you comes &amp; fills those gaps by holding your hand with LOVE..!",0
332,Arun can u transfr me d amt,0
333,Am not working but am up to eyes in philosophy so will text u later when a bit more free for chat...,0
334,I wanna watch that movie,0
335,Ok lor thanx... ÌÏ in school?,0
336,Do Ì_ all wan 2 meet up n combine all the parts? How's da rest of da project going?,0
337,Dunno dat's wat he told me. Ok lor...,0
338,I couldn't say no as he is a dying man and I feel sad for him so I will go and I just wanted you to know I would probably be gone late into your night,0
339,Same as u... Dun wan... Y u dun like me already ah... Wat u doing now? Still eating?,0
340,May i call You later Pls,0
341,I am in your office na.,0
342,Super da:)good replacement for murali,0
343,Dunno da next show aft 6 is 850. Toa payoh got 650.,0
344,"This is the 2nd time we have tried 2 contact u. U have won the 750 Pound prize. 2 claim is easy, call 08718726970 NOW! Only 10p per min. BT-national-rate ",1
345,HMV BONUS SPECIAL 500 pounds of genuine HMV vouchers to be won. Just answer 4 easy questions. Play Now! Send HMV to 86688 More info:www.100percent-real.com,1
346,I AM AT A PARTY WITH ALEX NICHOLS,0
347,"Sorry, I can't help you on this.",0
348,I love your ass! Do you enjoy doggy style? :),0
349,My sister got placed in birla soft da:-),0
350,New TEXTBUDDY Chat 2 horny guys in ur area 4 just 25p Free 2 receive Search postcode or at gaytextbuddy.com. TXT ONE name to 89693. 08715500022 rpl Stop 2 cnl,1
351,Its not that time of the month nor mid of the time?,0
352,We not leaving yet. Ok lor then we go elsewhere n eat. U thk...,0
353,No current and food here. I am alone also,0
354,I'll be in sch fr 4-6... I dun haf da book in sch... It's at home...,0
355,Omg it could snow here tonite!,0
356,Carry on not disturbing both of you,0
357,More people are dogging in your area now. Call 09090204448 and join like minded guys. Why not arrange 1 yourself. There's 1 this evening. Aå£1.50 minAPN LS278BB,1
358,"Yeah, I'll leave in a couple minutes &amp; let you know when I get to mu",0
359,The battery is for mr adewale my uncle. Aka Egbon,0
360,You have won a guaranteed å£200 award or even å£1000 cashto claim UR award call free on 08000407165 (18+) 2 stop getstop on 88222 PHP,1
361,Nvm it's ok...,0
362,"Sorry, I'll call later",0
363,I wnt to buy a BMW car urgently..its vry urgent.but hv a shortage of  &lt;#&gt; Lacs.there is no source to arng dis amt. &lt;#&gt; lacs..thats my prob,0
364,Urgent! Please call 09061743810 from landline. Your ABTA complimentary 4* Tenerife Holiday or #5000 cash await collection SAE T&Cs Box 326 CW25WX 150 ppm,1
365,"Sorry, I'll call later",0
366,Eh den sat u book e kb liao huh...,0
367,Have you been practising your curtsey?,0
368,"Well, I have to leave for my class babe ... You never came back to me ... :-( ... Hope you have a nice sleep, my love",0
369,But i'll b going 2 sch on mon. My sis need 2 take smth.,0
370,TheMob>Yo yo yo-Here comes a new selection of hot downloads for our members to get for FREE! Just click & open the next link sent to ur fone...,1
371,"Goodmorning, today i am late for  &lt;DECIMAL&gt; min.",0
372,Hi here. have birth at on the  to  at 8lb 7oz. Mother and baby doing brilliantly.,0
373,Great News! Call FREEFONE 08006344447 to claim your guaranteed å£1000 CASH or å£2000 gift. Speak to a live operator NOW!,1
374,"Better than bb. If he wont use it, his wife will or them doctor",0
375,Ya it came a while ago,0
376,Anything lor but toa payoh got place 2 walk meh...,0
377,Is there any movie theatre i can go to and watch unlimited movies and just pay once?,0
378,"Nah man, my car is meant to be crammed full of people",0
379,"Yes, i'm small kid.. And boost is the secret of my energy..",0
380,"Dont pack what you can buy at any store.like cereals. If you must pack food, pack gari or something 9ja that you will miss.",0
381,Okay... I booked all already... Including the one at bugis.,0
382,So dont use hook up any how,0
383,Hey darlin.. i can pick u up at college if u tell me wen & where 2 mt.. love Pete xx,0
384,"Call 09094100151 to use ur mins! Calls cast 10p/min (mob vary). Service provided by AOM, just GBP5/month. AOM Box61,M60 1ER until u stop. Ages 18+ only!",1
385,He didn't see his shadow. We get an early spring yay,0
386,Is there any training tomorrow?,0
387,Yar lor actually we quite fast... Cos da ge slow wat... Haha...,0
388,Must come later.. I normally bathe him in da afternoon mah..,0
389,Dude how do you like the buff wind.,0
390,\alright babe,0
391,S:-)kallis wont play in first two odi:-),0
392,Then get some cash together and I'll text jason,0
393,I fetch yun or u fetch?,0
394,"Sorry im getting up now, feel really bad- totally rejected that kinda me thing.",0
395,Well I'm going to be an aunty!,0
396,Your B4U voucher w/c 27/03 is MARSMS. Log onto www.B4Utele.com for discount credit. To opt out reply stop. Customer care call 08717168528,1
397,Well done and ! luv ya all ,0
398,K still are you loving me.,0
399,FreeMsg: Hey - I'm Buffy. 25 and love to satisfy men. Home alone feeling randy. Reply 2 C my PIX! QlynnBV Help08700621170150p a msg Send stop to stop txts,1
400,"Ok. Can be later showing around 8-8:30 if you want + cld have drink before. Wld prefer not to spend money on nosh if you don't mind, as doing that nxt wk.",0
401,Waaaat?? Lololo ok next time then!,0
402,I'm not coming home 4 dinner.,0
403,"Thank you. And by the way, I just lost.",0
404,\CAN I PLEASE COME UP NOW IMIN TOWN.DONTMATTER IF URGOIN OUTL8R,0
405,I wont. So wat's wit the guys,0
406,"Hiya, had a good day? Have you spoken to since the weekend?",0
407,See? I thought it all through,0
408,"Chinatown got porridge, claypot rice, yam cake, fishhead beehoon... Either we eat cheap den go cafe n tok or go nydc or somethin...",0
409,I called but no one pick up e phone. I ask both of them already they said ok.,0
410,Hi my email address has changed now it is ,0
411,Bring it if you got it,0
412,"A boy was late 2 home. His father: \POWER OF FRNDSHIP\""""",0
413,"Haha, my legs and neck are killing me and my amigos are hoping to end the night with a burn, think I could swing by in like an hour?",0
414,"URGENT!! Your 4* Costa Del Sol Holiday or å£5000 await collection. Call 09050090044 Now toClaim. SAE, TC s, POBox334, Stockport, SK38xh, Costå£1.50/pm, Max10mins",1
415,Ok then i'll let him noe later n ask him call u tmr...,0
416,Great. I was getting worried about you. Just know that a wonderful and caring person like you will have only the best in life. Know that u r wonderful and God's love is yours.,0
417,Alrite jod hows the revision goin? Keris bin doin a smidgin. N e way u wanna cum over after college?xx,0
418,Those were my exact intentions,0
419,"Give her something to drink, if she takes it and doesn't vomit then you her temp might drop. If she unmits however let me know.",0
420,Boo I'm on my way to my moms. She's making tortilla soup. Yummmm,0
421,How did you find out in a way that didn't include all of these details,0
422,"Thanks for your ringtone order, ref number R836. Your mobile will be charged å£4.50. Should your tone not arrive please call customer services on 09065069154",1
423,I am getting threats from your sales executive Shifad as i raised complaint against him. Its an official message.,0
424,Ok. Me watching tv too.,0
425,Here got lots of hair dresser fr china.,0
426,Did you show him and wot did he say or could u not c him 4 dust?,0
427,It should take about  &lt;#&gt;  min,0
428,Not heard from U4 a while. Call 4 rude chat private line 01223585334 to cum. Wan 2C pics of me gettin shagged then text PIX to 8552. 2End send STOP 8552 SAM xxx,1
429,<Forwarded from 88877>FREE entry into our å£250 weekly comp just send the word ENTER to 88877 NOW. 18 T&C www.textcomp.com,1
430,Love you aathi..love u lot..,0
431,"I hav almost reached. Call, i m unable to connect u.",0
432,Had your mobile 11mths ? Update for FREE to Oranges latest colour camera mobiles & unlimited weekend calls. Call Mobile Upd8 on freefone 08000839402 or 2StopTx,1
433,You have 1 new message. Please call 08718738034.,1
434,Draw va?i dont think so:),0
435,Dont pick up d call when something important is There to tell. Hrishi,0
436,"Aight that'll work, thanks",0
437,Moby Pub Quiz.Win a å£100 High Street prize if u know who the new Duchess of Cornwall will be? Txt her first name to 82277.unsub STOP å£1.50 008704050406 SP Arrow,1
438,"I have 2 sleeping bags, 1 blanket and paper and  phone details. Anything else?",0
439,"Congratulations! Thanks to a good friend U have WON the å£2,000 Xmas prize. 2 claim is easy, just call 08718726971 NOW! Only 10p per minute. BT-national-rate.",1
440,This pain couldn't have come at a worse time.,0
441,Should I be stalking u?,0
442,Long beach lor. Expected... U having dinner now?,0
443,We are both fine. Thanks,0
444,Do you like Italian food?,0
445,"Alright, see you in a bit",0
446,Double your mins & txts on Orange or 1/2 price linerental - Motorola and SonyEricsson with B/Tooth FREE-Nokia FREE Call MobileUpd8 on 08000839402 or2optout/HV9D,1
447,Its posible dnt live in  &lt;#&gt; century cm frwd n thnk different,0
448,But i dint slept in afternoon.,0
449,Please CALL 08712402902 immediately as there is an urgent message waiting for you.,1
450,Okay same with me. Well thanks for the clarification,0
451,I'll talk to the others and probably just come early tomorrow then,0
452,Ok then no need to tell me anything i am going to sleep good night,0
453,V nice! Off 2 sheffield tom 2 air my opinions on categories 2 b used 2 measure ethnicity in next census. Busy transcribing. :-),0
454,XMAS Prize draws! We are trying to contact U. Todays draw shows that you have won a å£2000 prize GUARANTEED. Call 09058094565 from land line. Valid 12hrs only,1
455,Thanx 4 2day! U r a goodmate I THINK UR RITE SARY! ASUSUAL!1 U CHEERED ME UP! LOVE U FRANYxxxxx,0
456,YES! The only place in town to meet exciting adult singles is now in the UK. Txt CHAT to 86688 now! 150p/Msg.,1
457,"Sorry, I'll call later",0
458,"Thanks da thangam, i feel very very happy dear. I also miss you da.",0
459,Hi! This is Roger from CL. How are you?,0
460,Jesus christ bitch I'm trying to give you drugs answer your fucking phone,0
461,I'm meeting Darren...,0
462,O was not into fps then.,0
463,SMS SERVICES For your inclusive text credits pls gotto www.comuk.net login 3qxj9 unsubscribe with STOP no extra charge help 08702840625 comuk.220cm2 9AE,1
464,A bloo bloo bloo I'll miss the first bowl,0
465,Do you think i can move  &lt;#&gt;  in a week,0
466,She.s find. I sent you an offline message to know how anjola's now.,0
467,"Great. I'm in church now, will holla when i get out",0
468,Do u knw dis no. &lt;#&gt; ?,0
469,Then she dun believe wat?,0
470,K..give back my thanks.,0
471,"Cool, I'll text you when I'm on the way",0
472,i dnt wnt to tlk wid u,0
473,Pansy! You've been living in a jungle for two years! Its my driving you should be more worried about!,0
474,Only if you promise your getting out as SOON as you can. And you'll text me in the morning to let me know you made it in ok.,0
475,K ill drink.pa then what doing. I need srs model pls send it to my mail id pa.,0
476,Yup i've finished c Ì_ there...,0
477,Fwiw the reason I'm only around when it's time to smoke is that because of gas I can only afford to be around when someone tells me to be and that apparently only happens when somebody wants to light up,0
478,"U wake up already? Wat u doing? U picking us up later rite? I'm taking sq825, reaching ard 7 smth 8 like dat. U can check e arrival time. C ya soon...",0
479,Yunny i'm walking in citylink now Ì_ faster come down... Me very hungry...,0
480,Er yep sure. Props?,0
481,Ok. I only ask abt e movie. U wan ktv oso?,0
482,"Say this slowly.? GOD,I LOVE YOU &amp; I NEED YOU,CLEAN MY HEART WITH YOUR BLOOD.Send this to Ten special people &amp; u c miracle tomorrow, do it,pls,pls do it...",0
483,Yup ok...,0
484,"Can you pls pls send me a mail on all you know about relatives coming to deliver here? All you know about costs, risks, benefits and anything else. Thanks.",0
485,Hmmm:)how many players selected?,0
486,"She is our sister.. She belongs 2 our family.. She is d hope of tomorrow.. Pray 4 her,who was fated 4 d Shoranur train incident. Lets hold our hands together &amp; fuelled by love &amp; concern prior 2 her grief &amp; pain. Pls join in dis chain &amp; pass it. STOP VIOLENCE AGAINST WOMEN.",0
487,Yup but not studying surfing lor. I'm in e lazy mode today.,0
488,K..k..i'm also fine:)when will you complete the course?,0
489,"Under the sea, there lays a rock. In the rock, there is an envelope. In the envelope, there is a paper. On the paper, there are 3 words... '",0
490,I told her I had a Dr appt next week. She thinks I'm gonna die. I told her its just a check. Nothing to be worried about. But she didn't listen.,0
491,"The house is on the water with a dock, a boat rolled up with a newscaster who dabbles in jazz flute behind the wheel",0
492,Now thats going to ruin your thesis!,0
493,I dunno until when... Lets go learn pilates...,0
494,My superior telling that friday is leave for all other department except ours:)so it will be leave for you:)any way call waheed fathima hr and conform it:),0
495,Okie... Thanx...,0
496,So when you gonna get rimac access ,0
497,"\Im at arestaurant eating squid! i will be out about 10:30 wanna dosomething or is that to late?\""""",0
498,I cant pick the phone right now. Pls send a message,0
499,<Forwarded from 21870000>Hi - this is your Mailbox Messaging SMS alert. You have 40 matches. Please call back on 09056242159 to retrieve your messages and matches cc100p/min,1
500,Ok lor...,0
501,I WILL CAL YOU SIR. In meeting,0
502,"That's what I love to hear :V see you sundayish, then",0
503,Tiwary to rcb.battle between bang and kochi.,0
504,Am in gobi arts college,0
505,"Sorry, I'll call later",0
506,Want to finally have lunch today?,0
507,"* Was a nice day and, impressively, i was sensible, went home early and now feel fine. Or am i just boring?! When's yours, i can't remember.",0
508,"Solve d Case : A Man Was Found Murdered On  &lt;DECIMAL&gt; . &lt;#&gt;  AfterNoon. 1,His wife called Police. 2,Police questioned everyone. 3,Wife: Sir,I was sleeping, when the murder took place. 4.Cook: I was cooking. 5.Gardener: I was picking vegetables. 6.House-Maid: I went 2 d post office. 7.Children: We went 2 play. 8.Neighbour: We went 2 a marriage. Police arrested d murderer Immediately. Who's It? Reply With Reason, If U r Brilliant.",0
509,I got a call from a landline number. . . I am asked to come to anna nagar . . . I will go in the afternoon,0
510,"Hiya, sorry didn't hav signal. I haven't seen or heard from and neither has, which is unusual in itself! I'll put on the case and get him to sort it out! Hugs and snogs.",0
511,Ok lor...,0
512,"Tunde, how are you doing. This is just wishing you a great day. Abiola.",0
513,No. But we'll do medical missions to nigeria,0
514,No i am not having not any movies in my laptop,0
515,Whatsup there. Dont u want to sleep,0
516,"Urgent! Please call 09066612661 from your landline, your complimentary 4* Lux Costa Del Sol holiday or å£1000 CASH await collection. ppm 150 SAE T&Cs James 28, EH74RR",1
517,I havent lei.. Next mon can?,0
518,How dare you stupid. I wont tell anything to you. Hear after i wont talk to you:-.,0
519,Really? I crashed out cuddled on my sofa.,0
520,"I sent you the prices and do you mean the  &lt;#&gt; g,",0
521,"Derp. Which is worse, a dude who always wants to party or a dude who files a complaint about the three drug abusers he lives with",0
522,Yo we are watching a movie on netflix,0
523,ARR birthday today:) i wish him to get more oscar.,0
524,"Say this slowly.? GOD,I LOVE YOU &amp; I NEED YOU,CLEAN MY HEART WITH YOUR BLOOD.Send this to Ten special people &amp; u c miracle tomorrow, do it,pls,pls do it...",0
525,Wow v v impressed. Have funs shopping!,0
526,Burger King - Wanna play footy at a top stadium? Get 2 Burger King before 1st Sept and go Large or Super with Coca-Cola and walk out a winner,1
527,How come it takes so little time for a child who is afraid of the dark to become a teenager who wants to stay out all night?,1
528,Send me your id and password,0
529,Well I might not come then...,0
530,Then its most likely called Mittelschmertz. Google it. If you dont have paracetamol dont worry it will go.,0
531,cThen i thk shd b enuff.. Still got conclusion n contents pg n references.. I'll b doing da contents pg n cover pg..,0
532,UÛªve Bin Awarded å£50 to Play 4 Instant Cash. Call 08715203028 To Claim. EVERY 9th Player Wins Min å£50-å£500. OptOut 08718727870,1
533,"Û_ we r stayin here an extra week, back next wed. How did we do in the rugby this weekend? Hi to and and , c u soon \""ham""",0
534,Not from this campus. Are you in the library?,0
535,Tell your friends what you plan to do on Valentines day @ &lt;URL&gt;,0
536,I've told him that i've returned it. That should i re order it.,0
537,And smile for me right now as you go and the world will wonder what you are smiling about and think your crazy and keep away from you ... *grins*,0
538,Yes princess! I want to catch you with my big strong hands...,0
539,Mm so you asked me not to call radio,0
540,Thinkin about someone is all good. No drugs for that,0
541,No need to buy lunch for me.. I eat maggi mee..,0
542,"Oh right, ok. I'll make sure that i do loads of work during the day!  got a really nasty cough today and is dry n shot so that should really help it!",0
543,Nice.nice.how is it working?,0
544,Were trying to find a Chinese food place around here,0
545,"Easy mate, * guess the quick drink was bit ambitious.",0
546,Today iZ Yellow rose day. If u love my frndship give me 1 misscall &amp; send this to ur frndZ &amp; See how many miss calls u get. If u get 6missed U marry ur Lover.,0
547,Will be out of class in a few hours. Sorry,0
548,"Sad story of a Man - Last week was my b'day. My Wife did'nt wish me. My Parents forgot n so did my Kids . I went to work. Even my Colleagues did not wish. As I entered my cabin my PA said, '' Happy B'day Boss !!''. I felt special. She askd me 4 lunch. After lunch she invited me to her apartment. We went there. She said,'' do u mind if I go into the bedroom for a minute ? '' ''OK'', I sed in a sexy mood. She came out 5 minuts latr wid a cake...n My Wife, My Parents, My Kidz, My Friends n My Colleagues. All screaming.. SURPRISE !! and I was waiting on the sofa.. ... ..... ' NAKED...!",0
549,She's fine. Good to hear from you. How are you my dear? Happy new year oh.,0
550,Are you going to wipro interview today?,0
551,Today i'm not workin but not free oso... Gee... Thgt u workin at ur fren's shop ? ,0
552,I want to be there so i can kiss you and feel you next to me,0
553,"Mum, i've sent you many many messages since i got here. I just want to know that you are actually getting them. Do enjoy the rest of your day.",0
554,I actually did for the first time in a while. I went to bed not too long after i spoke with you. Woke up at 7. How was your night?,0
555,My battery is low babe,0
556,Shuhui has bought ron's present it's a swatch watch...,0
557,Went to ganesh dress shop,0
558,ÌÏ collecting ur laptop then going to configure da settings izzit?,0
559,Tell me pa. How is pain de.,0
560,"Helloooo... Wake up..! \Sweet\"" \""morning\"" \""welcomes\"" \""You\"" \""Enjoy\"" \""This Day\"" \""with full of joy\"".. \""GUD MRNG\"".""",0
561,URGENT! Your Mobile number has been awarded with a å£2000 prize GUARANTEED. Call 09058094454 from land line. Claim 3030. Valid 12hrs only,1
562,How do you guys go to see movies on your side.,0
563,You didn't have to tell me that...now i'm thinking. Plus he's going to stop all your runs,0
564,Thanks chikku..:-) gud nyt:-*,0
565,"Thanx 4 the time weåÕve spent 2geva, its bin mint! Ur my Baby and all I want is u!xxxx",0
566,Where wuld I be without my baby? The thought alone mite break me and I donåÕt wanna go crazy but everyboy needs his lady xxxxxxxx,0
567,Only 2% students solved this CAT question in 'xam... 5+3+2= &lt;#&gt;  9+2+4= &lt;#&gt;  8+6+3= &lt;#&gt;  then 7+2+5=????? Tell me the answer if u r brilliant...1thing.i got d answr.,0
568,Yup n her fren lor. I'm meeting my fren at 730.,0
569,"Hello. No news on job, they are making me wait a fifth week! Yeah im up for some woozles and weasels... In exeter still, but be home about 3. ",0
570,"Hey babe, sorry i didn't get sooner. Gary can come and fix it cause he thinks he knows what it is but he doesn't go as far a Ptbo and he says it will cost  &lt;#&gt;  bucks. I don't know if it might be cheaper to find someone there ? We don't have any second hand machines at all right now, let me know what you want to do babe",0
571,Tell me whos this pls:-),0
572,Yes there were many sweets,0
573,I would but I'm still cozy. And exhausted from last night.nobody went to school or work. Everything is closed.,0
574,You dont know you jabo me abi.,0
575,"Don't worry, * is easy once have ingredients!",0
576,I love u 2 my little pocy bell I am sorry but I love u,0
577,"I'm there and I can see you, but you can't see me ? Maybe you should reboot ym ? I seen the buzz",0
578,No 1 POLYPHONIC tone 4 ur mob every week! Just txt PT2 to 87575. 1st Tone FREE ! so get txtin now and tell ur friends. 150p/tone. 16 reply HL 4info,1
579,"Excellent, I'll see what riley's plans are",0
580,"You've won tkts to the EURO2004 CUP FINAL or å£800 CASH, to collect CALL 09058099801 b4190604, POBOX 7876150ppm",1
581,"Loan for any purpose å£500 - å£75,000. Homeowners + Tenants welcome. Have you been previously refused? We can still help. Call Free 0800 1956669 or text back 'help'",1
582,Update_Now - 12Mths Half Price Orange line rental: 400mins...Call MobileUpd8 on 08000839402 or call2optout=J5Q,1
583,One of the joys in lifeis waking up each daywith thoughts that somewhereSomeone cares enough tosend a warm morning greeting.. -,0
584,How dare you change my ring,0
585,I love ya too but try and budget your money better babe. Gary would freak on me if he knew,0
586,Raji..pls do me a favour. Pls convey my Birthday wishes to Nimya. Pls. Today is her birthday.,0
587,You are not bothering me but you have to trust my answers. Pls.,0
588,"Wishing you and your family Merry \X\"" mas and HAPPY NEW Year in advance..""",0
589,One day a crab was running on the sea shore..The waves came n cleared the footprints of the crab.. Crab asked: being my frnd y r u clearing my beautiful footprints? Waves replied: A fox was following ur footprints to catch you! thats y i cleared it off:) frndsship never lets u dwn :-) GUD nyt..,0
590,"Hello, yeah i've just got out of the bath and need to do my hair so i'll come up when i'm done, yeah?",0
591,So how's the weather over there?,0
592,Ok,0
593,Please leave this topic..sorry for telling that..,0
594,Pls send me the correct name da.,0
595,Ok. How many should i buy.,0
596,Somebody should go to andros and steal ice,0
597,K..k:)how about your training process?,0
598,What Today-sunday..sunday is holiday..so no work..,0
599,Tessy..pls do me a favor. Pls convey my birthday wishes to Nimya..pls dnt forget it. Today is her birthday Shijas,0
600,"U so lousy, run already come back then half dead... Hee...",0
601,That's y i said it's bad dat all e gals know u... Wat u doing now?,0
602,Uncle Abbey! Happy New Year. Abiola,0
603,Now am free call me pa.,0
604,U coming 2 pick me?,0
605,I've been barred from all B and Q stores for life!?This twat in orange dungerees came up to me and asked if I wanted decking? So I got the first punch in!!,0
606,So no messages. Had food?,0
607,Is ur lecture over?,0
608,Not planned yet :)going to join company on jan 5 only.don know what will happen after that.,0
609,"Haha I heard that, text me when you're around",0
610,I.ll get there tomorrow and send it to you,0
611,Yo! Howz u? girls never rang after india. L,0
612,Ok...,0
613,Are you up for the challenge? I know i am :),0
614,Mystery solved! Just opened my email and he's sent me another batch! Isn't he a sweetie,0
615,This is the 2nd time we have tried to contact u. U have won the å£1450 prize to claim just call 09053750005 b4 310303. T&Cs/stop SMS 08718725756. 140ppm,1
616,"Mah b, I'll pick it up tomorrow",0
617,Still otside le..u come 2morrow maga..,0
618,There the size of elephant tablets & u shove um up ur ass!!,0
619,UR awarded a City Break and could WIN a å£200 Summer Shopping spree every WK. Txt STORE to 88039.SkilGme.TsCs087147403231Winawk!Age16+å£1.50perWKsub,1
620,So its to be poking man everyday that they teach you in canada abi! How are you. Just saying hi.,0
621,At home also.,0
622,Havent mus ask if u can 1st wat. Of meet 4 lunch den u n him meet can already lor. Or u wan 2 go ask da ge 1st then confirm w me asap?,0
623,Come to mahal bus stop.. &lt;DECIMAL&gt;,0
624,Me too baby! I promise to treat you well! I bet you will take good care of me...,0
625,Ur cash-balance is currently 500 pounds - to maximize ur cash-in now send COLLECT to 83600 only 150p/msg. CC: 08718720201 PO BOX 114/14 TCR/W1,1
626,"I feel like a dick because I keep sleeping through your texts and facebook messages. Sup, you in town?",0
627,Good. No swimsuit allowed :),0
628,Also track down any lighters you can find,0
629,"Babe, I need your advice",0
630,Come to medical college at 7pm ......forward it da,0
631,HI ITS KATE CAN U GIVE ME A RING ASAP XXX,0
632,I'm always looking for an excuse to be in the city.,0
633,O shore are you takin the bus,0
634,"The gas station is like a block away from my house, you'll drive right by it since armenia ends at swann and you have to take howard",0
635,"Beautiful tomorrow never comes.. When it comes, it's already TODAY.. In the hunt of beautiful tomorrow don't waste your wonderful TODAY.. GOODMORNING:)",0
636,Dunno lei Ì_ all decide lor. How abt leona? Oops i tot ben is going n i msg him.,0
637,This message is free. Welcome to the new & improved Sex & Dogging club! To unsubscribe from this service reply STOP. msgs@150p 18 only,1
638,RCT' THNQ Adrian for U text. Rgds Vatian,1
639,HI DARLIN I FINISH AT 3 DO U 1 2 PICK ME UP OR MEET ME? TEXT BACK ON THIS NUMBER LUV KATE XXX,0
640,Okie Ì_ wan meet at bishan? Cos me at bishan now. I'm not driving today.,0
641,Oh ho. Is this the first time u use these type of words,0
642,I know girls always safe and selfish know i got it pa. Thank you. good night.,0
643, what number do u live at? Is it 11?,0
644,Sac will score big hundred.he is set batsman:-),0
645,"Brainless Baby Doll..:-D;-), vehicle sariyag drive madoke barolla..",0
646,"Sorry, I'll call later",0
647,Sorry i've not gone to that place. I.ll do so tomorrow. Really sorry.,0
648,And now electricity just went out fml.,0
649,"Looks like you found something to do other than smoke, great job!",0
650,"complimentary 4 STAR Ibiza Holiday or å£10,000 cash needs your URGENT collection. 09066364349 NOW from Landline not to lose out! Box434SK38WP150PPM18+",1
651,Ok can...,0
652,"Oops - am at my mum's in somerset... Bit far! Back tomo, see you soon x",0
653,Same as kallis dismissial in 2nd test:-).,0
654,"I'm in a meeting, call me later at",0
655,Then i buy.,0
656,Heehee that was so funny tho,0
657,It only does simple arithmetic not percentages.,0
658,"\HEY DAS COOL... IKNOW ALL 2 WELLDA PERIL OF STUDENTFINANCIAL CRISIS!SPK 2 U L8R.\""""",0
659,"Whats that coming over the hill..... Is it a monster! Hope you have a great day. Things r going fine here, busy though! ",0
660,No pic. Please re-send.,0
661,True. Its easier with her here.,0
662,Yeah if we do have to get a random dude we need to change our info sheets to PARTY  &lt;#&gt; /7 NEVER STUDY just to be safe,0
663,Sending you greetings of joy and happiness. Do have a gr8 evening,0
664,If india win or level series means this is record:),0
665,Its good to hear from you,0
666,Yes we were outside for like 2 hours. And I called my whole family to wake them up cause it started at 1 am,0
667,Have your lunch and come quickly and open the door:),0
668,Not heard from U4 a while. Call me now am here all night with just my knickers on. Make me beg for it like U did last time 01223585236 XX Luv Nikiyu4.net,1
669,I can ask around but there's not a lot in terms of mids up here,0
670,What was she looking for?,0
671,Do you want a NEW video phone750 anytime any network mins 150 text for only five pounds per week call 08000776320 now or reply for delivery tomorrow,1
672,"Yeah, probably earlier than that",0
673,"Wan2 win a Meet+Greet with Westlife 4 U or a m8? They are currently on what tour? 1)Unbreakable, 2)Untamed, 3)Unkempt. Text 1,2 or 3 to 83049. Cost 50p +std text",1
674,You said to me before i went back to bed that you can't sleep for anything.,0
675,I hope you arnt pissed off but id would really like to see you tomorrow. Love me xxxxxxxxxxxxxX,0
676,I not free today i haf 2 pick my parents up tonite...,0
677,"Xmas & New Years Eve tickets are now on sale from the club, during the day from 10am till 8pm, and on Thurs, Fri & Sat night this week. They're selling fast!",1
678,"Actually, my mobile is full of msg. And i m doing a work online, where i need to send them  &lt;#&gt;  sent msg i wil explain u later.",0
679,SO IS TH GOWER MATE WHICH IS WHERE I AM!?! HOW R U MAN? ALL IS GOOD IN WALES ILL B BACK åÔMORROW. C U THIS WK? WHO WAS THE MSG 4? åÐ RANDOM!,0
680,Din i tell u jus now 420,0
681,Ok lor. I'm in town now lei.,0
682,I had it already..sabarish asked me to go..,0
683,Still chance there. If you search hard you will get it..let have a try :),0
684,"Yup, leaving right now, be back soon",0
685,Huh but i cant go 2 ur house empty handed right?,0
686,Good morning princess! Happy New Year!,0
687,I know you mood off today,0
688,"Jay told me already, will do",0
689,I have no idea where you are,0
690,I enjoy watching and playing football and basketball. Anything outdoors. And you?,0
691,Goin to workout lor... Muz lose e fats... ,0
692,"Damn, poor zac doesn't stand a chance",0
693,Meeting u is my work. . . Tel me when shall i do my work tomorrow,0
694,Get the official ENGLAND poly ringtone or colour flag on yer mobile for tonights game! Text TONE or FLAG to 84199. Optout txt ENG STOP Box39822 W111WX å£1.50,1
695,Oooh I got plenty of those!,0
696,Hui xin is in da lib.,0
697,* Thought I didn't see you.,0
698,Senthil group company Apnt 5pm.,0
699,Oh really?? Did you make it on air? What's your talent?,0
700,Studying. But i.ll be free next weekend.,0
701,I will reach ur home in  &lt;#&gt;  minutes,0
702,Well then you have a great weekend!,0
703,"Frnd s not juz a word.....not merely a relationship.....its a silent promise which says ... \ I will be with YOU \"" Wherevr.. Whenevr.. Forevr... Gudnyt dear..""",0
704,Ok thanx... Take care then...,0
705,Hey r Ì_ still online? I've finished the formatting...,0
706,LOL what happens in Vegas stays in vegas,0
707,Great! I shoot big loads so get ready!,0
708,I'll meet you in the lobby,0
709,What happen dear tell me,0
710,"Sorry pa, i dont knw who ru pa?",0
711,Networking technical support associate.,0
712,"Yeah why not, is the gang all ready",0
713,"Isn't frnd a necesity in life? imagine urself witout a frnd.. hw'd u feel at ur colleg? wat'll u do wth ur cell? wat abt functions? thnk abt events espe'll cared, missed &amp; irritated u? 4wrd it to all those dear-loving frnds wthout whom u cant live.. I jst did it.. Takecare..:) GOODMORNING",0
714,"4 tacos + 1 rajas burrito, right?",0
715,Dear Voucher Holder 2 claim your 1st class airport lounge passes when using Your holiday voucher call 08704439680. When booking quote 1st class x 2,1
716,Bloomberg -Message center +447797706009 Why wait? Apply for your future http://careers. bloomberg.com,1
717,Yes:)here tv is always available in work place..,0
718,Was just about to ask. Will keep this one. Maybe that's why you didn't get all the messages we sent you on glo,0
719,Yes.mum lookin strong:),0
720,Where are you call me.,0
721,Was gr8 to see that message. So when r u leaving? Congrats dear. What school and wat r ur plans.,0
722,"Hi, wlcome back, did wonder if you got eaten by a lion or something, nothing much",0
723,Ok lor. Msg me b4 u call.,0
724,"Want to funk up ur fone with a weekly new tone reply TONES2U 2 this text. www.ringtones.co.uk, the original n best. Tones 3GBP network operator rates apply",1
725,Love it! I want to flood that pretty pussy with cum...,0
726,Short But Cute: \Be a good person,0
727,They have a thread on the wishlist section of the forums where ppl post nitro requests. Start from the last page and collect from the bottom up.,0
728,No da. I am happy that we sit together na,0
729,Yup song bro. No creative. Neva test quality. He said check review online.,0
730,Mm you ask him to come its enough :-),0
731,At the funeral home with Audrey and dad,0
732,Excellent! Wish we were together right now!,0
733,Yep then is fine 7.30 or 8.30 for ice age.,0
734,Just normal only here :),0
735,"Sure, I'll see if I can come by in a bit",0
736,Ok.,0
737,I'm thinking that chennai forgot to come for auction..,0
738,Howz pain.it will come down today.do as i said ystrday.ice and medicine.,0
739,"Yeah that's what I thought, lemme know if anything's goin on later",0
740,Mmmm.... I cant wait to lick it!,0
741,Pls go there today  &lt;#&gt; . I dont want any excuses,0
742,"Dont worry, 1 day very big lambu ji vl come..til then enjoy batchlor party:-)",0
743,R u still working now?,0
744,"Win the newest åÒHarry Potter and the Order of the Phoenix (Book 5) reply HARRY, answer 5 questions - chance to be the first among readers!",1
745,"not that I know of, most people up here are still out of town",0
746,Oh ok wait 4 me there... My lect havent finish,0
747,Yeah my usual guy's out of town but there're definitely people around I know,0
748,"Happy or sad , one thing about past is- \Its no more\"" GOOD MORNING :-):-).""",0
749,Okie but i scared u say i fat... Then u dun wan me already...,0
750,Hi juan. Im coming home on fri hey. Of course i expect a welcome party and lots of presents. Ill phone u when i get back. Loads of love nicky x x x x x x x x x,0
751,A link to your picture has been sent. You can also use http://alto18.co.uk/wave/wave.asp?o=44345,1
752,Like a personal sized or what,0
753,Cab is available.they pick up and drop at door steps.,0
754,URGENT This is our 2nd attempt to contact U. Your å£900 prize from YESTERDAY is still awaiting collection. To claim CALL NOW 09061702893. ACL03530150PM,1
755,Have you heard from this week?,0
756,Okie,0
757,Do you want a new video handset? 750 anytime any network mins? Half Price Line Rental? Camcorder? Reply or call 08000930705 for delivery tomorrow,1
758,Sounds like a plan! Cardiff is still here and still cold! I'm sitting on the radiator!,0
759,Eh ur laptop got no stock lei... He say mon muz come again to take a look c got a not...,0
760,No need to ke qi... ÌÏ too bored izzit y suddenly thk of this...,0
761,Okay lor... Will they still let us go a not ah? Coz they will not know until later. We drop our cards into the box right?,0
762,How? Izzit still raining?,0
763,"Yeah, in fact he just asked if we needed anything like an hour ago. When and how much?",0
764,WHEN THE FIRST STRIKE IS A RED ONE. THE BIRD + ANTELOPE BEGIN TOPLAY IN THE FIELDOF SELFINDEPENDENCE BELIEVE THIS + THE FLOWER OF CONTENTION WILL GROW.RANDOM!,0
765,"Until 545 lor... Ya, can go 4 dinner together...",0
766,HMM yeah if your not too grooved out! And im looking forward to my pound special :),0
767,Refused a loan? Secured or Unsecured? Can't get credit? Call free now 0800 195 6669 or text back 'help' & we will!,1
768,"If e timing can, then i go w u lor...",0
769,Thanks for your message. I really appreciate your sacrifice. I'm not sure of the process of direct pay but will find out on my way back from the test tomorrow. I'm in class now. Do have a wonderful day.,0
770,Free video camera phones with Half Price line rental for 12 mths and 500 cross ntwk mins 100 txts. Call MobileUpd8 08001950382 or Call2OptOut/674&,1
771,do u think that any girl will propose u today by seing ur bloody funky shit fucking face...............asssssholeeee................,0
772,"Friendship is not a game to play, It is not a word to say, It doesn\'t start on March and ends on May, It is tomorrow, yesterday, today and e",0
773,I love to cuddle! I want to hold you in my strong arms right now...,0
774,R u in this continent?,0
775,K...k...when will you give treat?,0
776,"This is the 2nd time we have tried to contact u. U have won the å£400 prize. 2 claim is easy, just call 087104711148 NOW! Only 10p per minute. BT-national-rate",1
777,", ow u dey.i paid 60,400thousad.i told  u would call . ",0
778,Ok.,0
779,"Sorry, I can't text &amp; drive coherently, see you in twenty",0
780,In which place i can get rooms cheap:-),0
781,Eek that's a lot of time especially since American Pie is like 8 minutes long. I can't stop singing it.,0
782,"\GRAN ONLYFOUND OUT AFEW DAYS AGO.CUSOON HONI\""""",0
783,University of southern california.,0
784,U gd lor go shopping i got stuff to do. U wan 2 watch infernal affairs a not? Come lar...,0
785,Well. Balls. Time to make calls,0
786,"Yes, princess. Are you going to make me moan?",0
787,Lol its ok I didn't remember til last nite,0
788,"Cool, I'll text you in a few",0
789,Yeah that's the impression I got,0
790,Ok ok take care. I can understand.,0
791,"Motivate Behind every darkness, there is a shining light waiting for you to find it... Behind every best friend, there is always trust and love... BSLVYL",0
792,"Ya ok, then had dinner?",0
793,Hope youåÕre not having too much fun without me!! see u tomorrow love jess x,0
794,I've reached home n i bathe liao... U can call me now...,0
795,No no. I will check all rooms befor activities,0
796,Quite ok but a bit ex... U better go eat smth now else i'll feel guilty...,0
797,I remain unconvinced that this isn't an elaborate test of my willpower,0
798,GSOH? Good with SPAM the ladies?U could b a male gigolo? 2 join the uk's fastest growing mens club reply ONCALL. mjzgroup. 08714342399.2stop reply STOP. msg@å£1.50rcvd,1
799,K then 2marrow are you coming to class.,0
800,Watch lor. I saw a few swatch one i thk quite ok. Ard 116 but i need 2nd opinion leh...,0
801,Doc prescribed me morphine cause the other pain meds aren't enough. Waiting for my mom to bring it. That med should kick in fast so I'm gonna try to be on later,0
802,Me i'm not workin. Once i get job...,0
803,No need to say anything to me. I know i am an outsider,0
804,Just got to  &lt;#&gt;,0
805,"Good! No, donÛ÷t need any receiptsÛÓwell done! (Û_) Yes, please tell . WhatÛ÷s her number, i could ring her",0
806,"Ever green quote ever told by Jerry in cartoon \A Person Who Irritates u Always Is the one Who Loves u Vry Much But Fails to Express It...!..!! :-) :-) gud nyt""",0
807,I canåÕt wait for cornwall. Hope tonight isnåÕt too bad as well but itåÕs rock night shite. Anyway iåÕm going for a kip now have a good night. Speak to you soon.,0
808,Pls help me tell sura that i'm expecting a battery from hont. And that if should pls send me a message about how to download movies. Thanks,0
809,It certainly puts things into perspective when something like this happens,0
810,How's it going? Got any exciting karaoke type activities planned? I'm debating whether to play football this eve. Feeling lazy though.,0
811,Congrats! Nokia 3650 video camera phone is your Call 09066382422 Calls cost 150ppm Ave call 3mins vary from mobiles 16+ Close 300603 post BCM4284 Ldn WC1N3XX,1
812,"Sorry, I'll call later",0
813,I just really need shit before tomorrow and I know you won't be awake before like 6,0
814,"Hmm ok, i'll stay for like an hour cos my eye is really sore!",0
815,Mm umma ask vava also to come tell him can play later together,0
816,FREE for 1st week! No1 Nokia tone 4 ur mob every week just txt NOKIA to 8007 Get txting and tell ur mates www.getzed.co.uk POBox 36504 W45WQ norm150p/tone 16+,1
817,"cmon babe, make me horny, *turn* me on! Txt me your fantasy now babe -) Im hot, sticky and need you now. All replies cost å£1.50. 2 cancel send STOP",1
818,IMPORTANT INFORMATION 4 ORANGE USER 0796XXXXXX. TODAY IS UR LUCKY DAY!2 FIND OUT WHY LOG ONTO http://www.urawinner.com THERE'S A FANTASTIC PRIZEAWAITING YOU!,1
819,"Get the door, I'm here",0
820,"Lets use it next week, princess :)",0
821,Or i go home first lar Ì_ wait 4 me lor.. I put down my stuff first..,0
822,No dear i was sleeping :-P,0
823,Er mw im filled tuth is aight,0
824,Will be office around 4 pm. Now i am going hospital.,0
825,Actually i'm waiting for 2 weeks when they start putting ad.,0
826,Stupid auto correct on my phone,0
827,And several to you sir.,0
828,U really pig leh sleep so much. My dad wake me up at 10 smth 2 eat lunch today.,0
829,FREEMSG: Our records indicate you may be entitled to 3750 pounds for the Accident you had. To claim for free reply with YES to this msg. To opt out text STOP,1
830,Life style garments account no please.,0
831,Lol wtf random. Btw is that your lunch break,0
832,Detroit. The home of snow. Enjoy it.,0
833,How much for an eighth?,0
834,Juz now havent woke up so a bit blur blur... Can? Dad went out liao... I cant cum now oso...,0
835,Aah! A cuddle would be lush! I'd need lots of tea and soup before any kind of fumbling!,0
836,I am late. I will be there at,0
837,Great. Hope you are using your connections from mode men also cos you can never know why old friends can lead you to today,0
838,Where to get those?,0
839,U can call now...,0
840,I wud never mind if u dont miss me or if u dont need me.. But u wil really hurt me wen u need me &amp; u dont tell me......... Take care:-),0
841,G.W.R,0
842,Kit Strip - you have been billed 150p. Netcollex Ltd. PO Box 1013 IG11 OJA,1
843,Aiyar hard 2 type. U later free then tell me then i call n scold n tell u.,0
844,Are you still playing with gautham?,0
845,That seems unnecessarily hostile,0
846,1Apple/Day=No Doctor. 1Tulsi Leaf/Day=No Cancer. 1Lemon/Day=No Fat. 1Cup Milk/day=No Bone Problms 3 Litres Watr/Day=No Diseases Snd ths 2 Whom U Care..:-),0
847,Boo what time u get out? U were supposed to take me shopping today. :(,0
848,Just got outta class gonna go gym.,0
849,Yes. Rent is very expensive so its the way we save.,0
850,So what about you. What do you remember,0
851,I like dis sweater fr mango but no more my size already so irritating.,0
852,1 I don't have her number and 2 its gonna be a massive pain in the ass and i'd rather not get involved if that's possible,0
853,"If you don't, your prize will go to another customer. T&C at www.t-c.biz 18+ 150p/min Polo Ltd Suite 373 London W1J 6HL Please call back if busy",1
854,How are you. Just checking up on you,0
855,yeah sure thing mate haunt got all my stuff sorted but im going sound anyway promoting hex for .by the way who is this? dont know number. Joke,0
856,", im .. On the snowboarding trip. I was wondering if your planning to get everyone together befor we go..a meet and greet kind of affair? Cheers, ",0
857,"see you then, we're all christmassy here!",0
858,Dear :-/ why you mood off. I cant drive so i brother to drive,0
859,Dun need to use dial up juz open da browser n surf...,0
860,You also didnt get na hi hi hi hi hi,0
861,Sad story of a Man - Last week was my b'day. My Wife did'nt wish me. My Parents forgot n so did my Kids . I went to work. Even my Colleagues did not wish.,0
862,"Yeah I should be able to, I'll text you when I'm ready to meet up",0
863,V skint too but fancied few bevies.waz gona go meet &othrs in spoon but jst bin watchng planet earth&sofa is v comfey; If i dont make it hav gd night,0
864,Update your face book status frequently :),0
865,Just now saw your message.it k da:),0
866,I'm going 2 orchard now laready me reaching soon. U reaching?,0
867,Dear i am not denying your words please,0
868,Or I guess  &lt;#&gt;  min,0
869,I'm home. Ard wat time will u reach?,0
870,Hey u still at the gym?,0
871,"Nothing, smsing u n xy lor. Sorry lor da guys neva c u in person but they sort of know u lor. So u wan 2 meet them xy ask me 2 bring u along 4 our next meeting.",0
872,Wa... U so efficient... Gee... Thanx...,0
873,S but not able to sleep.,0
874,I'll pick you up at about 5.15pm to go to taunton if you still want to come.,0
875,"Y cant u try new invention to fly..i'm not joking.,",0
876,No..its ful of song lyrics..,0
877,True lov n care wil nevr go unrecognized. though somone often makes mistakes when valuing it. but they will definitly undrstnd once when they start missing it.,0
878,Shopping? Eh ger i toking abt syd leh...Haha,0
879,Call me when you get the chance plz &lt;3,0
880,Hope this text meets you smiling. If not then let this text give you a reason to smile. Have a beautiful day.,0
881,"In case you wake up wondering where I am, I forgot I have to take care of something for grandma today, should be done before the parade",0
882,"Latest Nokia Mobile or iPOD MP3 Player +å£400 proze GUARANTEED! Reply with: WIN to 83355 now! Norcorp Ltd.å£1,50/Mtmsgrcvd18+",1
883,ÌÏ takin linear algebra today?,0
884,Money i have won wining number 946 wot do i do next,1
885,"Sure, whenever you show the fuck up &gt;:(",0
886,"Men always needs a beautiful, intelligent, caring, loving, adjustable, cooperative wife. But the law allows only one wife....",0
887,Hi good mornin.. Thanku wish u d same..,0
888,Don't forget though that I love you .... And I walk beside you. Watching over you and keeping your heart warm.,0
889,I wish things were different. I wonder when i will be able to show you how much i value you. Pls continue the brisk walks no drugs without askin me please and find things to laugh about. I love you dearly.,0
890,"Urgh, coach hot, smells of chip fat! Thanks again, especially for the duvet (not a predictive text word).",0
891,Never y lei... I v lazy... Got wat? Dat day Ì_ send me da url cant work one...,0
892,Hope you are having a good week. Just checking in,0
893,Great. Have a safe trip. Dont panic surrender all.,0
894,Try to do something dear. You read something for exams,0
895,Gettin rdy to ship comp,0
896,Good afternoon my boytoy. How goes that walking here and there day ? Did you get that police abstract? Are you still out and about? I wake and miss you babe,0
897,"Come around  &lt;DECIMAL&gt; pm vikky..i'm otside nw, il come by tht time",0
898,Not course. Only maths one day one chapter with in one month we can finish.,0
899,U have a Secret Admirer who is looking 2 make contact with U-find out who they R*reveal who thinks UR so special-call on 09065171142-stopsms-08718727870150ppm,1
900,Have you not finished work yet or something?,0
901,I'm stuck in da middle of da row on da right hand side of da lt... ,0
902,Have you laid your airtel line to rest?,0
903,And I don't plan on staying the night but I prolly won't be back til late,0
904,THANX 4 PUTTIN DA FONE DOWN ON ME!!,0
905,"I need an 8th but I'm off campus atm, could I pick up in an hour or two?",0
906,Wat time Ì_ finish?,0
907,hows my favourite person today? r u workin hard? couldn't sleep again last nite nearly rang u at 4.30,0
908,How come i din c Ì_... Yup i cut my hair...,0
909,Oh ho. Is this the first time u use these type of words,0
910,Do you hide anythiing or keeping distance from me,0
911,Are you planning to come chennai?,0
912,We tried to contact you re your reply to our offer of a Video Phone 750 anytime any network mins Half Price Line Rental Camcorder Reply or call 08000930705,1
913,A å£400 XMAS REWARD IS WAITING FOR YOU! Our computer has randomly picked you from our loyal mobile customers to receive a å£400 reward. Just call 09066380611 ,1
914,Ok no prob...,0
915,Ok set let u noe e details later...,0
916,"Customer service announcement. We recently tried to make a delivery to you but were unable to do so, please call 07099833605 to re-schedule. Ref:9280114",1
917,ÌÏ ready then call me...,0
918,"Haha yeah, 2 oz is kind of a shitload",0
919,But pls dont play in others life.,0
920,Hmmm.but you should give it on one day..,0
921,Ok no prob,0
922,Pls give her the food preferably pap very slowly with loads of sugar. You can take up to an hour to give it. And then some water. Very very slowly.,0
923,Hey anyway i have to :-),0
924,Wif my family booking tour package.,0
925,"Did you say bold, then torch later. Or one torch and 2bold?",0
926,Ya i knw u vl giv..its ok thanks kano..anyway enjoy wit ur family wit 1st salary..:-);-),0
927,"K will do, addie &amp; I are doing some art so I'll be here when you get home",0
928,"I'm home, my love ... If your still awake ... *loving kiss*",0
929,"Had your mobile 10 mths? Update to the latest Camera/Video phones for FREE. KEEP UR SAME NUMBER, Get extra free mins/texts. Text YES for a call",1
930,I bought the test yesterday. Its something that lets you know the exact day u ovulate.when will get 2u in about 2 to 3wks. But pls pls dont fret. I know u r worried. Pls relax. Also is there anything in ur past history u need to tell me?,0
931,We have pizza if u want,0
932,Ya very nice. . .be ready on thursday,0
933,I am in hospital da. . I will return home in evening,0
934,"\Thinking of u ;) x\""""",0
935,The beauty of life is in next second.. which hides thousands of secrets. I wish every second will be wonderful in ur life...!! gud n8,0
936,Cashbin.co.uk (Get lots of cash this weekend!) www.cashbin.co.uk Dear Welcome to the weekend We have got our biggest and best EVER cash give away!! These..,1
937,Prepare to be pleasured :),0
938,Your unique user ID is 1172. For removal send STOP to 87239 customer services 08708034412,1
939,U R THE MOST BEAUTIFUL GIRL IVE EVER SEEN. U R MY BABY COME AND C ME IN THE COMMON ROOM,0
940,Sen told that he is going to join his uncle finance in cbe,0
941,Indeed and by the way it was either or - not both !,0
942,We're on the opposite side from where we dropped you off,0
943,Send me your resume:-),0
944,Sorry that was my uncle. I.ll keep in touch,0
945,Just come home. I don't want u to be miserable,0
946,I dont know why she.s not getting your messages,0
947,"its cool but tyler had to take off so we're gonna buy for him and drop it off at his place later tonight. Our total order is a quarter, you got enough?",0
948,"The guy at the car shop who was flirting with me got my phone number from the paperwork and called and texted me. I'm nervous because of course now he may have my address. Should i call his boss and tell him, knowing this may get him fired?",0
949,Call me when u finish then i come n pick u.,0
950,PRIVATE! Your 2004 Account Statement for 078498****7 shows 786 unredeemed Bonus Points. To claim call 08719180219 Identifier Code: 45239 Expires 06.05.05,1
951,"Don't worry though, I understand how important it is that I be put in my place with a poorly thought out punishment in the face of the worst thing that has ever happened to me. Brb gonna go kill myself",0
952,"fyi I'm at usf now, swing by the room whenever",0
953,Got smaller capacity one? Quite ex...,0
954,u r a winner U ave been specially selected 2 receive å£1000 cash or a 4* holiday (flights inc) speak to a live operator 2 claim 0871277810710p/min (18 ),1
955,Yup but it's not giving me problems now so mayb i'll jus leave it...,0
956,Rats. Hey did u ever vote for the next themes?,0
957,All boys made fun of me today. Ok i have no problem. I just sent one message just for fun,0
958,Maybe you should find something else to do instead???,0
959,I liked your new house,0
960,I'm fine. Hope you are also,0
961,"Oh! Shit, I thought that was your trip! Loooooool ... That just makes SO much more sense now ... *grins* and the sofa reference was ... The \sleep on a couch\"" link you sent me ... Wasn't that how you went on your trip ? Oh ... And didn't your babe go with you for that celebration with your rents?""",0
962,Dip's cell dead. So i m coming with him. U better respond else we shall come back.,0
963,As usual u can call me ard 10 smth.,0
964,For many things its an antibiotic and it can be used for chest abdomen and gynae infections even bone infections.,0
965,Poor girl can't go one day lmao,0
966,2 and half years i missed your friendship:-),0
967,I cant pick the phone right now. Pls send a message,0
968,"no, i *didn't* mean to post it. I wrote it, and like so many other times i've ritten stuff to you, i let it sit there. it WAS what i was feeling at the time. I was angry. Before i left, i hit send, then stop. It wasn't there. I checked on my phone when i got to my car. It wasn't there. You said you didn't sleep, you were bored. So why wouldn't THAT be the time to clean, fold laundry, etc.? At least make the bed?",0
969,Warner Village 83118 C Colin Farrell in SWAT this wkend @Warner Village & get 1 free med. Popcorn!Just show msg+ticket@kiosk.Valid 4-7/12. C t&c @kiosk. Reply SONY 4 mre film offers,1
970,"This is the 2nd time we have tried 2 contact u. U have won the 750 Pound prize. 2 claim is easy, call 08712101358 NOW! Only 10p per min. BT-national-rate",1
971,Re your call; You didn't see my facebook huh?,0
972,"G says you never answer your texts, confirm/deny",0
973,Hi Dear Call me its urgnt. I don't know whats your problem. You don't want to work or if you have any other problem at least tell me. Wating for your reply.,0
974,Once free call me sir.,0
975,Great News! Call FREEFONE 08006344447 to claim your guaranteed å£1000 CASH or å£2000 gift. Speak to a live operator NOW!,1
976,I am in bus on the way to calicut,0
977,I want to see your pretty pussy...,0
978,I will cme i want to go to hos 2morow. After that i wil cme. This what i got from her dear what to do. She didnt say any time,0
979,I'm fine. Hope you are good. Do take care.,0
980,JADE ITS PAUL. Y DIDNåÕT U TXT ME? DO U REMEMBER ME FROM BARMED? I WANT 2 TALK 2 U! TXT ME,0
981,So what u doing today?,0
982,Slept? I thinkThis time ( &lt;#&gt;  pm) is not dangerous,0
983,goldviking (29/M) is inviting you to be his friend. Reply YES-762 or NO-762 See him: www.SMS.ac/u/goldviking STOP? Send STOP FRND to 62468,1
984,Happy new year. Hope you are having a good semester,0
985,Esplanade lor. Where else...,0
986,"By the way, 'rencontre' is to meet again. Mountains dont....",0
987,Hello boytoy ! Geeee ... I'm missing you today. I like to send you a tm and remind you I'm thinking of you ... And you are loved ... *loving kiss*,0
988,I think the other two still need to get cash but we can def be ready by 9,0
989,Where you. What happen,0
990,I was gonna ask you lol but i think its at 7,0
991,PRIVATE! Your 2003 Account Statement for shows 800 un-redeemed S.I.M. points. Call 08715203685 Identifier Code:4xx26 Expires 13/10/04,1
992,"* Was really good to see you the other day dudette, been missing you!",0
993,You won't believe it but it's true. It's Incredible Txts! Reply G now to learn truly amazing things that will blow your mind. From O2FWD only 18p/txt,1
994,Pls clarify back if an open return ticket that i have can be preponed for me to go back to kerala.,0
995,O ic lol. Should play 9 doors sometime yo,0
996,"Dunno, my dad said he coming home 2 bring us out 4 lunch. Yup i go w u lor. I call u when i reach school lor...",0
997,"We have sent JD for Customer Service cum Accounts Executive to ur mail id, For details contact us",0
998,Yeah so basically any time next week you can get away from your mom &amp; get up before 3,0
999,Lmao you know me so well...,0
1000,Am on a train back from northampton so i'm afraid not! I'm staying skyving off today ho ho! Will be around wednesday though. Do you fancy the comedy club this week by the way?,0
1001,Free video camera phones with Half Price line rental for 12 mths and 500 cross ntwk mins 100 txts. Call MobileUpd8 08001950382 or Call2OptOut/674,1
1002,I think i am disturbing her da,0
1003,Havent stuck at orchard in my dad's car. Going 4 dinner now. U leh? So r they free tonight?,0
1004,Ok i also wan 2 watch e 9 pm show...,0
1005,But your brother transfered only  &lt;#&gt;  +  &lt;#&gt; . Pa.,0
1006,5p 4 alfie Moon's Children in need song on ur mob. Tell ur m8s. Txt Tone charity to 8007 for Nokias or Poly charity for polys: zed 08701417012 profit 2 charity.,1
1007,As in different styles?,0
1008,"This is the 2nd attempt to contract U, you have won this weeks top prize of either å£1000 cash or å£200 prize. Just call 09066361921",1
1009,\Keep ur problems in ur heart,0
1010,\HI BABE UAWAKE?FEELLIKW SHIT.JUSTFOUND OUT VIA ALETTER THATMUM GOTMARRIED 4thNOV.BEHIND OURBACKS åÐ FUCKINNICE!SELFISH,0
1011,Amazing : If you rearrange these letters it gives the same meaning... Dormitory = Dirty room Astronomer = Moon starer The eyes = They see Election results = Lies lets recount Mother-in-law = Woman Hitler Eleven plus two =Twelve plus one Its Amazing... !:-),0
1012,Omg if its not one thing its another. My cat has worms :/ when does this bad day end?,0
1013,"My fri ah... Okie lor,goin 4 my drivin den go shoppin after tt...",0
1014,Oh you got many responsibilities.,0
1015,"Hi Chikku, send some nice msgs",0
1016,"To the wonderful Okors, have a great month. We cherish you guys and wish you well each day. MojiBiola",0
1017,Wot about on wed nite I am 3 then but only til 9!,0
1018,"Rose for red,red for blood,blood for heart,heart for u. But u for me.... Send tis to all ur friends.. Including me.. If u like me.. If u get back, 1-u r poor in relation! 2-u need some 1 to support 3-u r frnd 2 many 4-some1 luvs u 5+- some1 is praying god to marry u.:-) try it....",0
1019,"Hmm... Dunno leh, mayb a bag 4 goigng out dat is not too small. Or jus anything except perfume, smth dat i can keep.",0
1020,"YOU VE WON! Your 4* Costa Del Sol Holiday or å£5000 await collection. Call 09050090044 Now toClaim. SAE, TC s, POBox334, Stockport, SK38xh, Costå£1.50/pm, Max10mins",1
1021,Oh unintentionally not bad timing. Great. Fingers  the trains play along! Will give fifteen min warning.,0
1022,K..then come wenever u lik to come and also tel vikky to come by getting free time..:-),0
1023,"Happy new year to u and ur family...may this new year bring happiness , stability and tranquility to ur vibrant colourful life:):)",0
1024,MY NEW YEARS EVE WAS OK. I WENT TO A PARTY WITH MY BOYFRIEND. WHO IS THIS SI THEN HEY,0
1025,"Congrats 2 mobile 3G Videophones R yours. call 09063458130 now! videochat wid ur mates, play java games, Dload polypH music, noline rentl. bx420. ip4. 5we. 150p",1
1026,I'm in school now n i'll be in da lab doing some stuff give me a call when Ì_ r done.,0
1027,Water logging in desert. Geoenvironmental implications.,0
1028,Raji..pls do me a favour. Pls convey my Birthday wishes to Nimya. Pls. Today is her birthday.,0
1029,SMS AUCTION - A BRAND NEW Nokia 7250 is up 4 auction today! Auction is FREE 2 join & take part! Txt NOKIA to 86021 now!,1
1030,"Hi hope u r both ok, he said he would text and he hasn't, have u seen him, let me down gently please ",0
1031,"Babe! I fucking love you too !! You know? Fuck it was so good to hear your voice. I so need that. I crave it. I can't get enough. I adore you, Ahmad *kisses*",0
1032,K sure am in my relatives home. Sms me de. Pls:-),0
1033,I sent them. Do you like?,0
1034,I just cooked a rather nice salmon a la you,0
1035,ree entry in 2 a weekly comp for a chance to win an ipod. Txt POD to 80182 to get entry (std txt rate) T&C's apply 08452810073 for details 18+,1
1036,Darren was saying dat if u meeting da ge den we dun meet 4 dinner. Cos later u leave xy will feel awkward. Den u meet him 4 lunch lor.,0
1037,She.s fine. I have had difficulties with her phone. It works with mine. Can you pls send her another friend request.,0
1038,Call Germany for only 1 pence per minute! Call from a fixed line via access number 0844 861 85 85. No prepayment. Direct access! www.telediscount.co.uk,1
1039,"YOU VE WON! Your 4* Costa Del Sol Holiday or å£5000 await collection. Call 09050090044 Now toClaim. SAE, TC s, POBox334, Stockport, SK38xh, Costå£1.50/pm, Max10mins",1
1040,"Babe, I'm answering you, can't you see me ? Maybe you'd better reboot YM ... I got the photo ... It's great !",0
1041,Dai i downloaded but there is only exe file which i can only run that exe after installing.,0
1042,I keep ten rs in my shelf:) buy two egg.,0
1043,Well thats nice. Too bad i cant eat it,0
1044,I have to take exam with in march 3,0
1045,It means u could not keep ur words.,0
1046,YOU ARE CHOSEN TO RECEIVE A å£350 AWARD! Pls call claim number 09066364311 to collect your award which you are selected to receive as a valued mobile customer.,1
1047,"Jay wants to work out first, how's 4 sound?",0
1048,"Gud gud..k, chikku tke care.. sleep well gud nyt",0
1049,Hmm thinking lor...,0
1050,Well she's in for a big surprise!,0
1051,1 in cbe. 2 in chennai.,0
1052,Can help u swoop by picking u up from wherever ur other birds r meeting if u want.,0
1053,Pls speak with me. I wont ask anything other then you friendship.,0
1054,"Storming msg: Wen u lift d phne, u say \HELLO\"" Do u knw wt is d real meaning of HELLO?? . . . It's d name of a girl..! . . . Yes.. And u knw who is dat girl?? \""Margaret Hello\"" She is d girlfrnd f Grahmbell who invnted telphone... . . . . Moral:One can 4get d name of a person",0
1055,"If you don't, your prize will go to another customer. T&C at www.t-c.biz 18+ 150p/min Polo Ltd Suite 373 London W1J 6HL Please call back if busy ",1
1056,"Hi. Hope ur day * good! Back from walk, table booked for half eight. Let me know when ur coming over.",0
1057,URGENT! Your Mobile number has been awarded with a å£2000 prize GUARANTEED. Call 09061790126 from land line. Claim 3030. Valid 12hrs only 150ppm,1
1058,"Yeah, probably here for a while",0
1059,I'm still pretty weak today .. Bad day ?,0
1060,Urgent! Please call 09061213237 from landline. å£5000 cash or a luxury 4* Canary Islands Holiday await collection. T&Cs SAE PO Box 177. M227XY. 150ppm. 16+,1
1061,Alex says he's not ok with you not being ok with it,0
1062,Well good morning mr . Hows london treatin' ya treacle?,0
1063,Pls ask macho how much is budget for bb bold 2 is cos i saw a new one for  &lt;#&gt;  dollars.,0
1064,"Jolly good! By the way,  will give u tickets for sat eve 7.30. Speak before then x",0
1065,"K, fyi I'm back in my parents' place in south tampa so I might need to do the deal somewhere else",0
1066,But we havent got da topic yet rite?,0
1067,Sweet heart how are you?,0
1068,"Garbage bags, eggs, jam, bread, hannaford wheat chex",0
1069,"u r subscribed 2 TEXTCOMP 250 wkly comp. 1st wk?s free question follows, subsequent wks charged@150p/msg.2 unsubscribe txt STOP 2 84128,custcare 08712405020",1
1070,No go. No openings for that room 'til after thanksgiving without an upcharge.,0
1071,No sir. That's why i had an 8-hr trip on the bus last week. Have another audition next wednesday but i think i might drive this time.,0
1072,Yup it's at paragon... I havent decided whether 2 cut yet... Hee...,0
1073,Hmm. Shall i bring a bottle of wine to keep us amused? Just joking! I'll still bring a bottle. Red or white? See you tomorrow,0
1074,"I think your mentor is , but not 100 percent sure.",0
1075,"Ok., is any problem to u frm him? Wats matter?",0
1076,I cant pick the phone right now. Pls send a message,0
1077,"Free entry to the gr8prizes wkly comp 4 a chance to win the latest Nokia 8800, PSP or å£250 cash every wk.TXT GREAT to 80878 http//www.gr8prizes.com 08715705022",1
1078,You have 1 new message. Call 0207-083-6089,1
1079,"I can make it up there, squeezed  &lt;#&gt;  bucks out of my dad",0
1080,How are you babes. Hope your doing ok. I had a shit nights sleep. I fell asleep at 5.IåÕm knackered and iåÕm dreading work tonight. What are thou upto tonight. X,0
1081,Dunno lei shd b driving lor cos i go sch 1 hr oni.,0
1082,Dear are you angry i was busy dear,0
1083,Nite nite pocay wocay luv u more than n e thing 4eva I promise ring u 2morrowxxxx,0
1084,"Hi elaine, is today's meeting confirmed?",0
1085,"Sorry, I'll call later",0
1086,You didnt complete your gist oh.,0
1087,"By the way, make sure u get train to worc foregate street not shrub hill. Have fun night x",0
1088,You have won a guaranteed 32000 award or maybe even å£1000 cash to claim ur award call free on 0800 ..... (18+). Its a legitimat efreefone number wat do u think???,1
1089,So that takes away some money worries,0
1090,"Sorry, I'll call later",0
1091,If you hear a loud scream in about &lt;#&gt; minutes its cause my Gyno will be shoving things up me that don't belong :/,0
1092,Txt: CALL to No: 86888 & claim your reward of 3 hours talk time to use from your phone now! Subscribe6GBP/mnth inc 3hrs 16 stop?txtStop www.gamb.tv,1
1093,Shall I bring us a bottle of wine to keep us amused? Only joking! IÛ÷ll bring one anyway,0
1094,"URGENT! Last weekend's draw shows that you have won å£1000 cash or a Spanish holiday! CALL NOW 09050000332 to claim. T&C: RSTM, SW7 3SS. 150ppm",1
1095,Ok lor.,0
1096,Yup,0
1097,Well obviously not because all the people in my cool college life went home ;_;,0
1098,Ok lor Ì_ reaching then message me.,0
1099,Really do hope the work doesnt get stressful. Have a gr8 day.,0
1100,Shall call now dear having food,0
1101,URGENT We are trying to contact you Last weekends draw shows u have won a å£1000 prize GUARANTEED Call 09064017295 Claim code K52 Valid 12hrs 150p pm,1
1102,Oh thanks a lot..i already bought 2 eggs ..,0
1103,"Perhaps * is much easy give your account identification, so i will tomorrow at UNI",0
1104,What i told before i tell. Stupid hear after i wont tell anything to you. You dad called to my brother and spoken. Not with me.,0
1105,I went to project centre,0
1106,"Just making dinner, you ?",0
1107,Thats cool. I want to please you...,0
1108,PRIVATE! Your 2003 Account Statement for shows 800 un-redeemed S.I.M. points. Call 08718738001 Identifier Code: 49557 Expires 26/11/04,1
1109,happened here while you were adventuring,0
1110,Ok which your another number,0
1111,Aiyah ok wat as long as got improve can already wat...,0
1112,Armand says get your ass over to epsilon,0
1113,"Cool, what time you think you can get here?",0
1114,No. I meant the calculation is the same. That  &lt;#&gt; units at  &lt;#&gt; . This school is really expensive. Have you started practicing your accent. Because its important. And have you decided if you are doing 4years of dental school or if you'll just do the nmde exam.,0
1115,Why don't you wait 'til at least wednesday to see if you get your .,0
1116,Huh y lei...,0
1117,Rofl. Its true to its name,0
